
-- Insertion des appellations
INSERT INTO APPELATION (NOMAPPELATION) VALUES
('Bordeaux'),
('Bourgogne'),
('Champagne'),
('Alsace'),
('Beaujolais'),
('Côtes du Rhône'),
('Loire'),
('Provence'),
('Languedoc'),
('Roussillon'),
('Savoie'),
('Jura'),
('Sud-Ouest'),
('Corse'),
('Bergerac'),
('Cahors'),
('Gaillac'),
('Madiran'),
('Jurançon'),
('Coteaux du Languedoc'),
('Coteaux du Tricastin'),
('Coteaux de l''Aubance'),
('Coteaux de Saumur'),
('Côtes de Provence'),
('Côtes de Bergerac'),
('Côtes de Blaye'),
('Côtes de Duras'),
('Côtes de Gascogne'),
('Côtes de Millau'),
('Côtes de Saint-Mont'),
('Côtes du Frontonnais'),
('Côtes du Marmandais'),
('Côtes du Roussillon'),
('Côtes du Ventoux'),
('Fitou'),
('Fitou'),
('Muscat de Frontignan'),
('Muscat de Lunel'),
('Muscat de Mireval'),
('Muscat de Saint-Jean-de-Minervois'),
('Pineau des Charentes'),
('Rasteau'),
('Tavel'),
('Vacqueyras'),
('Vin de Pays d''Oc');

-- Insertion des clients
INSERT INTO CLIENT (NOMCLIENT, PRENOMCLIENT, MAILCLIENT) VALUES
('Martin', 'Pierre', 'pierre.martin@email.com'),
('Bernard', 'Sophie', 'sophie.bernard@email.com'),
('Dubois', 'Thomas', 'thomas.dubois@email.com'),
('Moreau', 'Camille', 'camille.moreau@email.com'),
('Simon', 'Luc', 'luc.simon@email.com'),
('Laurent', 'Marie', 'marie.laurent@email.com'),
('Lefebvre', 'Jean', 'jean.lefebvre@email.com'),
('Michel', 'Claire', 'claire.michel@email.com'),
('Garcia', 'Antoine', 'antoine.garcia@email.com'),
('David', 'Elise', 'elise.david@email.com'),
('Bertrand', 'Nicolas', 'nicolas.bertrand@email.com'),
('Roux', 'Amélie', 'amelie.roux@email.com'),
('Fournier', 'Hugo', 'hugo.fournier@email.com'),
('Morel', 'Manon', 'manon.morel@email.com'),
('Girard', 'Victor', 'victor.girard@email.com'),
('Bonnet', 'Chloé', 'chloe.bonnet@email.com'),
('Fontaine', 'Gabriel', 'gabriel.fontaine@email.com'),
('Muller', 'Léa', 'lea.muller@email.com'),
('Leroy', 'Raphaël', 'raphael.leroy@email.com'),
('Charles', 'Julie', 'julie.charles@email.com'),
('Garnier', 'Mathis', 'mathis.garnier@email.com'),
('Perrot', 'Emma', 'emma.perrot@email.com'),
('Rousseau', 'Enzo', 'enzo.rousseau@email.com'),
('Blanc', 'Jade', 'jade.blanc@email.com'),
('Caron', 'Nathan', 'nathan.caron@email.com'),
('Barbier', 'Lina', 'lina.barbier@email.com'),
('Picard', 'Théo', 'theo.picard@email.com'),
('Gaillard', 'Zoé', 'zoe.gaillard@email.com'),
('Renaud', 'Léo', 'leo.renaud@email.com'),
('Vasseur', 'Louise', 'louise.vasseur@email.com'),
('Marchand', 'Ethan', 'ethan.marchand@email.com'),
('Leclerc', 'Alice', 'alice.leclerc@email.com'),
('Meyer', 'Maxime', 'maxime.meyer@email.com'),
('Boyer', 'Lola', 'lola.boyer@email.com'),
('Deschamps', 'Noah', 'noah.deschamps@email.com'),
('Adam', 'Célia', 'celia.adam@email.com'),
('Faure', 'Sacha', 'sacha.faure@email.com'),
('Moulin', 'Inès', 'ines.moulin@email.com'),
('Gautier', 'Eliott', 'eliott.gautier@email.com'),
('Mercier', 'Romane', 'romane.mercier@email.com'),
('Brun', 'Aaron', 'aaron.brun@email.com'),
('Lemoine', 'Léane', 'leane.lemoine@email.com'),
('Rivière', 'Tom', 'tom.riviere@email.com'),
('Perrin', 'Jeanne', 'jeanne.perrin@email.com'),
('Lambert', 'Mathieu', 'mathieu.lambert@email.com'),
('Duval', 'Anaïs', 'anais.duval@email.com'),
('Chevalier', 'Timothé', 'timothe.chevalier@email.com'),
('Colin', 'Clara', 'clara.colin@email.com'),
('Maillard', 'Baptiste', 'baptiste.maillard@email.com');

-- Insertion des rôles
INSERT INTO ROLE (NOMROLE) VALUES
('Vendeur'),
('Responsable magasin');

-- Insertion des employés
INSERT INTO EMPLOYE (NUMROLE, NOM, PRENOM, LOGIN, MDP) VALUES
(1, 'Dupont', 'Jean', 'jean.dupont', 'jean.dupont123'),
(2, 'Durand', 'Marie', 'marie.durand', 'marie.durand456'),
(1, 'Leroy', 'Pierre', 'pierre.leroy', 'pierre.leroy789'),
(2, 'Moreau', 'Sophie', 'sophie.moreau', 'sophie.moreau101'),
(1, 'Simon', 'Luc', 'luc.simon', 'luc.simon112'),
(2, 'Laurent', 'Camille', 'camille.laurent', 'camille.laurent131'),
(1, 'Michel', 'Thomas', 'thomas.michel', 'thomas.michel141');

-- Insertion des fournisseurs
INSERT INTO FOURNISSEUR (NOMFOURNISSEUR) VALUES
('Château Margaux'),
('Domaine de la Romanée-Conti'),
('Moët & Chandon'),
('Hugel & Fils'),
('Georges Duboeuf'),
('Guigal'),
('Château Cheval Blanc'),
('Château Lafite Rothschild'),
('Château Mouton Rothschild'),
('Château Haut-Brion'),
('Château d''Yquem'),
('Château Petrus'),
('Château Latour'),
('Château Lynch-Bages'),
('Château Pichon Longueville');

-- Insertion des types de vin
INSERT INTO TYPEVIN (NOMTYPE) VALUES
('Rouge'),
('Blanc'),
('Rosé'),
('Champagne'),
('Mousseux'),
('Doux'),
('Liquoreux');

-- Insertion des vins
INSERT INTO VIN (NUMFOURNISSEUR, NUMTYPE, NUMAPPELATION, NOMVIN, PRIXVIN, DESCRIPTIF, ANNEE) VALUES
(1, 1, 1, 'Château Margaux 2015', 850.00, 'Un grand vin de Bordeaux, millésime 2015.', 2015),
(2, 1, 2, 'Domaine de la Romanée-Conti 2010', 12000.00, 'Un des vins les plus prestigieux de Bourgogne.', 2010),
(3, 4, 3, 'Moët & Chandon Brut Impérial', 50.00, 'Champagne brut, frais et élégant.', 0),
(4, 2, 4, 'Hugel Gentil 2018', 20.00, 'Vin blanc d''Alsace, fruité et aromatique.', 2018),
(5, 1, 5, 'Georges Duboeuf Beaujolais-Villages 2019', 15.00, 'Vin rouge fruité du Beaujolais.', 2019),
(6, 1, 6, 'Guigal Côtes du Rhône 2017', 18.00, 'Vin rouge des Côtes du Rhône, riche et épicé.', 2017),
(7, 1, 1, 'Château Cheval Blanc 2012', 700.00, 'Grand vin de Saint-Émilion, millésime 2012.', 2012),
(8, 1, 1, 'Château Lafite Rothschild 2009', 1500.00, 'Un des grands crus classés de Pauillac.', 2009),
(9, 1, 1, 'Château Mouton Rothschild 2008', 600.00, 'Grand vin de Pauillac, millésime 2008.', 2008),
(10, 1, 1, 'Château Haut-Brion 2011', 900.00, 'Grand vin de Pessac-Léognan, millésime 2011.', 2011),
(11, 7, 1, 'Château d''Yquem 2001', 500.00, 'Grand vin liquoreux de Sauternes, millésime 2001.', 2001),
(12, 1, 1, 'Château Petrus 2005', 2500.00, 'Un des vins les plus prestigieux de Pomerol.', 2005),
(13, 1, 1, 'Château Latour 2006', 1200.00, 'Grand vin de Pauillac, millésime 2006.', 2006),
(14, 1, 1, 'Château Lynch-Bages 2014', 120.00, 'Grand vin de Pauillac, millésime 2014.', 2014),
(15, 1, 1, 'Château Pichon Longueville 2013', 150.00, 'Grand vin de Pauillac, millésime 2013.', 2013),
(1, 1, 1, 'Château Margaux 2016', 900.00, 'Un grand vin de Bordeaux, millésime 2016.', 2016),
(2, 1, 2, 'Domaine de la Romanée-Conti 2011', 13000.00, 'Un des vins les plus prestigieux de Bourgogne.', 2011),
(3, 4, 3, 'Moët & Chandon Grand Vintage 2012', 70.00, 'Champagne millésimé, riche et complexe.', 2012),
(4, 2, 4, 'Hugel Riesling 2017', 25.00, 'Vin blanc d''Alsace, sec et minéral.', 2017),
(5, 1, 5, 'Georges Duboeuf Morgon 2018', 18.00, 'Vin rouge fruité et puissant du Beaujolais.', 2018),
(6, 1, 6, 'Guigal Côte-Rôtie 2015', 80.00, 'Vin rouge des Côtes du Rhône, puissant et épicé.', 2015),
(7, 1, 1, 'Château Cheval Blanc 2013', 750.00, 'Grand vin de Saint-Émilion, millésime 2013.', 2013),
(8, 1, 1, 'Château Lafite Rothschild 2010', 1600.00, 'Un des grands crus classés de Pauillac.', 2010),
(9, 1, 1, 'Château Mouton Rothschild 2009', 650.00, 'Grand vin de Pauillac, millésime 2009.', 2009),
(10, 1, 1, 'Château Haut-Brion 2012', 950.00, 'Grand vin de Pessac-Léognan, millésime 2012.', 2012),
(11, 7, 1, 'Château d''Yquem 2003', 550.00, 'Grand vin liquoreux de Sauternes, millésime 2003.', 2003),
(12, 1, 1, 'Château Petrus 2006', 2600.00, 'Un des vins les plus prestigieux de Pomerol.', 2006),
(13, 1, 1, 'Château Latour 2007', 1250.00, 'Grand vin de Pauillac, millésime 2007.', 2007),
(14, 1, 1, 'Château Lynch-Bages 2015', 125.00, 'Grand vin de Pauillac, millésime 2015.', 2015),
(15, 1, 1, 'Château Pichon Longueville 2014', 155.00, 'Grand vin de Pauillac, millésime 2014.', 2014),
(1, 1, 1, 'Château Margaux 2017', 950.00, 'Un grand vin de Bordeaux, millésime 2017.', 2017),
(2, 1, 2, 'Domaine de la Romanée-Conti 2012', 14000.00, 'Un des vins les plus prestigieux de Bourgogne.', 2012),
(3, 4, 3, 'Moët & Chandon Rosé Impérial', 60.00, 'Champagne rosé, fruité et élégant.', 0),
(4, 2, 4, 'Hugel Gewurztraminer 2016', 22.00, 'Vin blanc d''Alsace, aromatique et puissant.', 2016),
(5, 1, 5, 'Georges Duboeuf Juliénas 2017', 16.00, 'Vin rouge fruité et puissant du Beaujolais.', 2017),
(6, 1, 6, 'Guigal Hermitage 2014', 90.00, 'Vin rouge des Côtes du Rhône, puissant et épicé.', 2014),
(7, 1, 1, 'Château Cheval Blanc 2014', 800.00, 'Grand vin de Saint-Émilion, millésime 2014.', 2014),
(8, 1, 1, 'Château Lafite Rothschild 2011', 1700.00, 'Un des grands crus classés de Pauillac.', 2011),
(9, 1, 1, 'Château Mouton Rothschild 2010', 700.00, 'Grand vin de Pauillac, millésime 2010.', 2010),
(10, 1, 1, 'Château Haut-Brion 2013', 1000.00, 'Grand vin de Pessac-Léognan, millésime 2013.', 2013),
(11, 7, 1, 'Château d''Yquem 2005', 600.00, 'Grand vin liquoreux de Sauternes, millésime 2005.', 2005),
(12, 1, 1, 'Château Petrus 2007', 2700.00, 'Un des vins les plus prestigieux de Pomerol.', 2007),
(13, 1, 1, 'Château Latour 2008', 1300.00, 'Grand vin de Pauillac, millésime 2008.', 2008),
(14, 1, 1, 'Château Lynch-Bages 2016', 130.00, 'Grand vin de Pauillac, millésime 2016.', 2016),
(15, 1, 1, 'Château Pichon Longueville 2015', 160.00, 'Grand vin de Pauillac, millésime 2015.', 2015),
(1, 1, 1, 'Château Margaux 2018', 1000.00, 'Un grand vin de Bordeaux, millésime 2018.', 2018),
(2, 1, 2, 'Domaine de la Romanée-Conti 2013', 15000.00, 'Un des vins les plus prestigieux de Bourgogne.', 2013),
(3, 4, 3, 'Moët & Chandon Ice Impérial', 55.00, 'Champagne spécial pour les cocktails.', 0),
(4, 2, 4, 'Hugel Pinot Gris 2015', 20.00, 'Vin blanc d''Alsace, fruité et aromatique.', 2015),
(5, 1, 5, 'Georges Duboeuf Fleurie 2016', 17.00, 'Vin rouge fruité et élégant du Beaujolais.', 2016),
(6, 1, 6, 'Guigal Condrieu 2017', 60.00, 'Vin blanc des Côtes du Rhône, riche et aromatique.', 2017),
(7, 1, 1, 'Château Cheval Blanc 2015', 850.00, 'Grand vin de Saint-Émilion, millésime 2015.', 2015),
(8, 1, 1, 'Château Lafite Rothschild 2012', 1800.00, 'Un des grands crus classés de Pauillac.', 2012),
(9, 1, 1, 'Château Mouton Rothschild 2011', 750.00, 'Grand vin de Pauillac, millésime 2011.', 2011),
(10, 1, 1, 'Château Haut-Brion 2014', 1050.00, 'Grand vin de Pessac-Léognan, millésime 2014.', 2014),
(11, 7, 1, 'Château d''Yquem 2007', 650.00, 'Grand vin liquoreux de Sauternes, millésime 2007.', 2007),
(12, 1, 1, 'Château Petrus 2008', 2800.00, 'Un des vins les plus prestigieux de Pomerol.', 2008),
(13, 1, 1, 'Château Latour 2009', 1350.00, 'Grand vin de Pauillac, millésime 2009.', 2009),
(14, 1, 1, 'Château Lynch-Bages 2017', 135.00, 'Grand vin de Pauillac, millésime 2017.', 2017),
(15, 1, 1, 'Château Pichon Longueville 2016', 165.00, 'Grand vin de Pauillac, millésime 2016.', 2016),
(1, 1, 1, 'Château Margaux 2019', 1050.00, 'Un grand vin de Bordeaux, millésime 2019.', 2019),
(2, 1, 2, 'Domaine de la Romanée-Conti 2014', 16000.00, 'Un des vins les plus prestigieux de Bourgogne.', 2014),
(3, 4, 3, 'Moët & Chandon Nectar Impérial', 65.00, 'Champagne demi-sec, doux et fruité.', 0),
(4, 2, 4, 'Hugel Sylvaner 2018', 18.00, 'Vin blanc d''Alsace, frais et fruité.', 2018),
(5, 1, 5, 'Georges Duboeuf Saint-Amour 2019', 19.00, 'Vin rouge fruité et élégant du Beaujolais.', 2019),
(6, 1, 6, 'Guigal Crozes-Hermitage 2016', 35.00, 'Vin rouge des Côtes du Rhône, puissant et épicé.', 2016),
(7, 1, 1, 'Château Cheval Blanc 2016', 900.00, 'Grand vin de Saint-Émilion, millésime 2016.', 2016),
(8, 1, 1, 'Château Lafite Rothschild 2013', 1900.00, 'Un des grands crus classés de Pauillac.', 2013),
(9, 1, 1, 'Château Mouton Rothschild 2012', 800.00, 'Grand vin de Pauillac, millésime 2012.', 2012),
(10, 1, 1, 'Château Haut-Brion 2015', 1100.00, 'Grand vin de Pessac-Léognan, millésime 2015.', 2015),
(11, 7, 1, 'Château d''Yquem 2009', 700.00, 'Grand vin liquoreux de Sauternes, millésime 2009.', 2009),
(12, 1, 1, 'Château Petrus 2009', 2900.00, 'Un des vins les plus prestigieux de Pomerol.', 2009),
(13, 1, 1, 'Château Latour 2010', 1400.00, 'Grand vin de Pauillac, millésime 2010.', 2010),
(14, 1, 1, 'Château Lynch-Bages 2018', 140.00, 'Grand vin de Pauillac, millésime 2018.', 2018),
(15, 1, 1, 'Château Pichon Longueville 2017', 170.00, 'Grand vin de Pauillac, millésime 2017.', 2017),
(1, 1, 1, 'Château Margaux 2020', 1100.00, 'Un grand vin de Bordeaux, millésime 2020.', 2020),
(2, 1, 2, 'Domaine de la Romanée-Conti 2015', 17000.00, 'Un des vins les plus prestigieux de Bourgogne.', 2015),
(3, 4, 3, 'Moët & Chandon Grand Vintage 2013', 75.00, 'Champagne millésimé, riche et complexe.', 2013),
(4, 2, 4, 'Hugel Pinot Blanc 2017', 19.00, 'Vin blanc d''Alsace, frais et fruité.', 2017),
(5, 1, 5, 'Georges Duboeuf Moulin-à-Vent 2018', 20.00, 'Vin rouge puissant et tannique du Beaujolais.', 2018),
(6, 1, 6, 'Guigal Gigondas 2015', 30.00, 'Vin rouge des Côtes du Rhône, puissant et épicé.', 2015),
(7, 1, 1, 'Château Cheval Blanc 2017', 950.00, 'Grand vin de Saint-Émilion, millésime 2017.', 2017),
(8, 1, 1, 'Château Lafite Rothschild 2014', 2000.00, 'Un des grands crus classés de Pauillac.', 2014),
(9, 1, 1, 'Château Mouton Rothschild 2013', 850.00, 'Grand vin de Pauillac, millésime 2013.', 2013),
(10, 1, 1, 'Château Haut-Brion 2016', 1150.00, 'Grand vin de Pessac-Léognan, millésime 2016.', 2016),
(11, 7, 1, 'Château d''Yquem 2011', 750.00, 'Grand vin liquoreux de Sauternes, millésime 2011.', 2011),
(12, 1, 1, 'Château Petrus 2010', 3000.00, 'Un des vins les plus prestigieux de Pomerol.', 2010),
(13, 1, 1, 'Château Latour 2011', 1450.00, 'Grand vin de Pauillac, millésime 2011.', 2011),
(14, 1, 1, 'Château Lynch-Bages 2019', 145.00, 'Grand vin de Pauillac, millésime 2019.', 2019),
(15, 1, 1, 'Château Pichon Longueville 2018', 175.00, 'Grand vin de Pauillac, millésime 2018.', 2018);

-- Insertion des commandes
INSERT INTO COMMANDE (NUMEMPLOYE, DATECOMMANDE, ETATCOMMANDE, PRIXTOTAL) VALUES
(1, '2024-01-15', 'Validée', 250.00),
(2, '2024-01-16', 'Validée', 300.00),
(3, '2024-01-17', 'Validée', 150.00),
(4, '2024-01-18', 'Validée', 400.00),
(5, '2024-01-19', 'Validée', 200.00),
(6, '2024-01-20', 'Validée', 350.00),
(7, '2024-01-21', 'Validée', 180.00),
(1, '2024-01-22', 'Validée', 220.00),
(2, '2024-01-23', 'Validée', 330.00),
(3, '2024-01-24', 'Validée', 170.00),
(4, '2024-01-25', 'Validée', 450.00),
(5, '2024-01-26', 'Validée', 230.00),
(6, '2024-01-27', 'Validée', 380.00),
(7, '2024-01-28', 'Validée', 190.00),
(1, '2024-01-29', 'Validée', 270.00),
(2, '2024-01-30', 'Validée', 310.00),
(3, '2024-01-31', 'Validée', 160.00),
(4, '2024-02-01', 'Validée', 420.00),
(5, '2024-02-02', 'Validée', 210.00),
(6, '2024-02-03', 'Validée', 360.00),
(7, '2024-02-04', 'Validée', 200.00),
(1, '2024-02-05', 'Validée', 280.00),
(2, '2024-02-06', 'Validée', 320.00),
(3, '2024-02-07', 'Validée', 175.00),
(4, '2024-02-08', 'Validée', 430.00),
(5, '2024-02-09', 'Validée', 240.00),
(6, '2024-02-10', 'Validée', 390.00),
(7, '2024-02-11', 'Validée', 210.00),
(1, '2024-02-12', 'Validée', 290.00),
(2, '2024-02-13', 'Validée', 340.00),
(3, '2024-02-14', 'Validée', 180.00),
(4, '2024-02-15', 'Validée', 440.00),
(5, '2024-02-16', 'Validée', 250.00),
(6, '2024-02-17', 'Validée', 400.00),
(7, '2024-02-18', 'Validée', 220.00),
(1, '2024-02-19', 'Validée', 300.00),
(2, '2024-02-20', 'Validée', 350.00),
(3, '2024-02-21', 'Validée', 190.00),
(4, '2024-02-22', 'Validée', 460.00),
(5, '2024-02-23', 'Validée', 260.00),
(6, '2024-02-24', 'Validée', 410.00),
(7, '2024-02-25', 'Validée', 230.00),
(1, '2024-02-26', 'Validée', 310.00),
(2, '2024-02-27', 'Validée', 360.00),
(3, '2024-02-28', 'Validée', 200.00),
(4, '2024-02-29', 'Validée', 470.00),
(5, '2024-03-01', 'Validée', 270.00),
(6, '2024-03-02', 'Validée', 420.00),
(7, '2024-03-03', 'Validée', 240.00),
(1, '2024-03-04', 'Validée', 320.00),
(2, '2024-03-05', 'Validée', 370.00),
(3, '2024-03-06', 'Validée', 210.00),
(4, '2024-03-07', 'Validée', 480.00),
(5, '2024-03-08', 'Validée', 280.00),
(6, '2024-03-09', 'Validée', 430.00),
(7, '2024-03-10', 'Validée', 250.00),
(1, '2024-03-11', 'Validée', 330.00),
(2, '2024-03-12', 'Validée', 380.00),
(3, '2024-03-13', 'Validée', 220.00),
(4, '2024-03-14', 'Validée', 490.00),
(5, '2024-03-15', 'Validée', 290.00),
(6, '2024-03-16', 'Validée', 440.00),
(7, '2024-03-17', 'Validée', 260.00),
(1, '2024-03-18', 'Validée', 340.00),
(2, '2024-03-19', 'Validée', 390.00),
(3, '2024-03-20', 'Validée', 230.00),
(4, '2024-03-21', 'Validée', 500.00),
(5, '2024-03-22', 'Validée', 300.00),
(6, '2024-03-23', 'Validée', 450.00),
(7, '2024-03-24', 'Validée', 270.00),
(1, '2024-03-25', 'Validée', 350.00),
(2, '2024-03-26', 'Validée', 400.00),
(3, '2024-03-27', 'Validée', 240.00),
(4, '2024-03-28', 'Validée', 510.00),
(5, '2024-03-29', 'Validée', 310.00),
(6, '2024-03-30', 'Validée', 460.00),
(7, '2024-03-31', 'Validée', 280.00),
(1, '2024-04-01', 'Validée', 360.00),
(2, '2024-04-02', 'Validée', 410.00),
(3, '2024-04-03', 'Validée', 250.00),
(4, '2024-04-04', 'Validée', 520.00),
(5, '2024-04-05', 'Validée', 320.00),
(6, '2024-04-06', 'Validée', 470.00),
(7, '2024-04-07', 'Validée', 290.00),
(1, '2024-04-08', 'Validée', 370.00),
(2, '2024-04-09', 'Validée', 420.00),
(3, '2024-04-10', 'Validée', 260.00),
(4, '2024-04-11', 'Validée', 530.00),
(5, '2024-04-12', 'Validée', 330.00),
(6, '2024-04-13', 'Validée', 480.00),
(7, '2024-04-14', 'Validée', 300.00),
(1, '2024-04-15', 'Validée', 380.00),
(2, '2024-04-16', 'Validée', 430.00),
(3, '2024-04-17', 'Validée', 270.00),
(4, '2024-04-18', 'Validée', 540.00),
(5, '2024-04-19', 'Validée', 340.00),
(6, '2024-04-20', 'Validée', 490.00),
(7, '2024-04-21', 'Validée', 310.00),
(1, '2024-04-22', 'Validée', 390.00),
(2, '2024-04-23', 'Validée', 440.00),
(3, '2024-04-24', 'Validée', 280.00),
(4, '2024-04-25', 'Validée', 550.00),
(5, '2024-04-26', 'Validée', 350.00),
(6, '2024-04-27', 'Validée', 500.00),
(7, '2024-04-28', 'Validée', 320.00),
(1, '2024-04-29', 'Validée', 400.00),
(2, '2024-04-30', 'Validée', 450.00),
(3, '2024-05-01', 'Validée', 290.00),
(4, '2024-05-02', 'Validée', 560.00),
(5, '2024-05-03', 'Validée', 360.00),
(6, '2024-05-04', 'Validée', 510.00),
(7, '2024-05-05', 'Validée', 330.00),
(1, '2024-05-06', 'Validée', 410.00),
(2, '2024-05-07', 'Validée', 460.00),
(3, '2024-05-08', 'Validée', 300.00),
(4, '2024-05-09', 'Validée', 570.00),
(5, '2024-05-10', 'Validée', 370.00),
(6, '2024-05-11', 'Validée', 520.00),
(7, '2024-05-12', 'Validée', 340.00),
(1, '2024-05-13', 'Validée', 420.00),
(2, '2024-05-14', 'Validée', 470.00),
(3, '2024-05-15', 'Validée', 310.00),
(4, '2024-05-16', 'Validée', 580.00),
(5, '2024-05-17', 'Validée', 380.00),
(6, '2024-05-18', 'Validée', 530.00),
(7, '2024-05-19', 'Validée', 350.00),
(1, '2024-05-20', 'Validée', 430.00),
(2, '2024-05-21', 'Validée', 480.00),
(3, '2024-05-22', 'Validée', 320.00),
(4, '2024-05-23', 'Validée', 590.00),
(5, '2024-05-24', 'Validée', 390.00),
(6, '2024-05-25', 'Validée', 540.00),
(7, '2024-05-26', 'Validée', 360.00),
(1, '2024-05-27', 'Validée', 440.00),
(2, '2024-05-28', 'Validée', 490.00),
(3, '2024-05-29', 'Validée', 330.00),
(4, '2024-05-30', 'Validée', 600.00),
(5, '2024-05-31', 'Validée', 400.00),
(6, '2024-06-01', 'Validée', 550.00),
(7, '2024-06-02', 'Validée', 370.00),
(1, '2024-06-03', 'Validée', 450.00),
(2, '2024-06-04', 'Validée', 500.00),
(3, '2024-06-05', 'Validée', 340.00);

-- Insertion des détails de commande
INSERT INTO DETAILCOMMANDE (NUMCOMMANDE, NUMVIN, QUANTITE, PRIX) VALUES
(1, 1, 2, 1700.00),
(1, 2, 1, 12000.00),
(2, 3, 3, 150.00),
(2, 4, 2, 40.00),
(3, 5, 1, 15.00),
(3, 6, 2, 36.00),
(4, 7, 1, 700.00),
(4, 8, 2, 3000.00),
(5, 9, 3, 540.00),
(5, 10, 1, 900.00),
(6, 11, 2, 1000.00),
(6, 12, 1, 2500.00),
(7, 13, 3, 1170.00),
(7, 14, 1, 300.00),
(8, 15, 2, 300.00),
(8, 16, 1, 1500.00),
(9, 17, 3, 153.00),
(9, 18, 1, 18.00),
(10, 19, 2, 380.00),
(10, 20, 1, 800.00),
(11, 21, 3, 165.00),
(11, 22, 1, 330.00),
(12, 23, 2, 340.00),
(12, 24, 1, 680.00),
(13, 25, 3, 285.00),
(13, 26, 1, 510.00),
(14, 27, 2, 270.00),
(14, 28, 1, 540.00),
(15, 29, 3, 333.00),
(15, 30, 1, 660.00),
(16, 31, 2, 300.00),
(16, 32, 1, 600.00),
(17, 33, 3, 180.00),
(17, 34, 1, 36.00),
(18, 35, 2, 380.00),
(18, 36, 1, 760.00),
(19, 37, 3, 360.00),
(19, 38, 1, 720.00),
(20, 39, 2, 400.00),
(20, 40, 1, 800.00),
(21, 41, 3, 210.00),
(21, 42, 1, 420.00),
(22, 43, 2, 420.00),
(22, 44, 1, 840.00),
(23, 45, 3, 450.00),
(23, 46, 1, 900.00),
(24, 47, 2, 440.00),
(24, 48, 1, 880.00),
(25, 49, 3, 495.00),
(25, 50, 1, 990.00),
(26, 51, 2, 480.00),
(26, 52, 1, 960.00),
(27, 53, 3, 510.00),
(27, 54, 1, 1020.00),
(28, 55, 2, 500.00),
(28, 56, 1, 1000.00),
(29, 57, 3, 540.00),
(29, 58, 1, 1080.00),
(30, 59, 2, 520.00),
(30, 60, 1, 1040.00),
(31, 61, 3, 570.00),
(31, 62, 1, 1140.00),
(32, 63, 2, 540.00),
(32, 64, 1, 1080.00),
(33, 65, 3, 585.00),
(33, 66, 1, 1170.00),
(34, 67, 2, 570.00),
(34, 68, 1, 1140.00),
(35, 69, 3, 600.00),
(35, 70, 1, 1200.00),
(36, 71, 2, 580.00),
(36, 72, 1, 1160.00),
(37, 73, 3, 615.00),
(37, 74, 1, 1230.00),
(38, 75, 2, 600.00),
(38, 76, 1, 1200.00),
(39, 77, 3, 630.00),
(39, 78, 1, 1260.00),
(40, 79, 2, 620.00),
(40, 80, 1, 1240.00),
(41, 1, 2, 1700.00),
(41, 2, 1, 12000.00),
(42, 3, 3, 150.00),
(42, 4, 2, 40.00),
(43, 5, 1, 15.00),
(43, 6, 2, 36.00),
(44, 7, 1, 700.00),
(44, 8, 2, 3000.00),
(45, 9, 3, 540.00),
(45, 10, 1, 900.00),
(46, 11, 2, 1000.00),
(46, 12, 1, 2500.00),
(47, 13, 3, 1170.00),
(47, 14, 1, 300.00),
(48, 15, 2, 300.00),
(48, 16, 1, 1500.00),
(49, 17, 3, 153.00),
(49, 18, 1, 18.00),
(50, 19, 2, 380.00),
(50, 20, 1, 800.00),
(51, 21, 3, 165.00),
(51, 22, 1, 330.00),
(52, 23, 2, 340.00),
(52, 24, 1, 680.00),
(53, 25, 3, 285.00),
(53, 26, 1, 510.00),
(54, 27, 2, 270.00),
(54, 28, 1, 540.00),
(55, 29, 3, 333.00),
(55, 30, 1, 660.00),
(56, 31, 2, 300.00),
(56, 32, 1, 600.00),
(57, 33, 3, 180.00),
(57, 34, 1, 36.00),
(58, 35, 2, 380.00),
(58, 36, 1, 760.00),
(59, 37, 3, 360.00),
(59, 38, 1, 720.00),
(60, 39, 2, 400.00),
(60, 40, 1, 800.00),
(61, 41, 3, 210.00),
(61, 42, 1, 420.00),
(62, 43, 2, 420.00),
(62, 44, 1, 840.00),
(63, 45, 3, 450.00),
(63, 46, 1, 900.00),
(64, 47, 2, 440.00),
(64, 48, 1, 880.00),
(65, 49, 3, 495.00),
(65, 50, 1, 990.00),
(66, 51, 2, 480.00),
(66, 52, 1, 960.00),
(67, 53, 3, 510.00),
(67, 54, 1, 1020.00),
(68, 55, 2, 500.00),
(68, 56, 1, 1000.00),
(69, 57, 3, 540.00),
(69, 58, 1, 1080.00),
(70, 59, 2, 520.00),
(70, 60, 1, 1040.00),
(71, 61, 3, 570.00),
(71, 62, 1, 1140.00),
(72, 63, 2, 540.00),
(72, 64, 1, 1080.00),
(73, 65, 3, 585.00),
(73, 66, 1, 1170.00),
(74, 67, 2, 570.00),
(74, 68, 1, 1140.00),
(75, 69, 3, 600.00),
(75, 70, 1, 1200.00),
(76, 71, 2, 580.00),
(76, 72, 1, 1160.00),
(77, 73, 3, 615.00),
(77, 74, 1, 1230.00),
(78, 75, 2, 600.00),
(78, 76, 1, 1200.00),
(79, 77, 3, 630.00),
(79, 78, 1, 1260.00),
(80, 79, 2, 620.00),
(80, 80, 1, 1240.00);

-- Insertion des demandes
INSERT INTO DEMANDE (NUMVIN, NUMEMPLOYE, NUMCOMMANDE, NUMCLIENT, DATEDEMANDE, QUANTITEDEMANDE, ETATDEMANDE) VALUES
(1, 1, 1, 1, '2024-01-14', 2, 'Validée'),
(2, 2, 2, 2, '2024-01-15', 1, 'Validée'),
(3, 3, 3, 3, '2024-01-16', 3, 'Validée'),
(4, 4, 4, 4, '2024-01-17', 2, 'Validée'),
(5, 5, 5, 5, '2024-01-18', 1, 'Validée'),
(6, 6, 6, 6, '2024-01-19', 2, 'Validée'),
(7, 7, 7, 7, '2024-01-20', 1, 'Validée'),
(8, 1, 8, 8, '2024-01-21', 2, 'Validée'),
(9, 2, 9, 9, '2024-01-22', 3, 'Validée'),
(10, 3, 10, 10, '2024-01-23', 1, 'Validée'),
(11, 4, 11, 11, '2024-01-24', 2, 'Validée'),
(12, 5, 12, 12, '2024-01-25', 1, 'Validée'),
(13, 6, 13, 13, '2024-01-26', 3, 'Validée'),
(14, 7, 14, 14, '2024-01-27', 1, 'Validée'),
(15, 1, 15, 15, '2024-01-28', 2, 'Validée'),
(16, 2, 16, 16, '2024-01-29', 1, 'Validée'),
(17, 3, 17, 17, '2024-01-30', 3, 'Validée'),
(18, 4, 18, 18, '2024-01-31', 1, 'Validée'),
(19, 5, 19, 19, '2024-02-01', 2, 'Validée'),
(20, 6, 20, 20, '2024-02-02', 1, 'Validée'),
(21, 7, 21, 21, '2024-02-03', 3, 'Validée'),
(22, 1, 22, 22, '2024-02-04', 1, 'Validée'),
(23, 2, 23, 23, '2024-02-05', 2, 'Validée'),
(24, 3, 24, 24, '2024-02-06', 1, 'Validée'),
(25, 4, 25, 25, '2024-02-07', 3, 'Validée'),
(26, 5, 26, 26, '2024-02-08', 1, 'Validée'),
(27, 6, 27, 27, '2024-02-09', 2, 'Validée'),
(28, 7, 28, 28, '2024-02-10', 1, 'Validée'),
(29, 1, 29, 29, '2024-02-11', 3, 'Validée'),
(30, 2, 30, 30, '2024-02-12', 1, 'Validée'),
(31, 3, 31, 31, '2024-02-13', 2, 'Validée'),
(32, 4, 32, 32, '2024-02-14', 1, 'Validée'),
(33, 5, 33, 33, '2024-02-15', 3, 'Validée'),
(34, 6, 34, 34, '2024-02-16', 1, 'Validée'),
(35, 7, 35, 35, '2024-02-17', 2, 'Validée'),
(36, 1, 36, 36, '2024-02-18', 1, 'Validée'),
(37, 2, 37, 37, '2024-02-19', 3, 'Validée'),
(38, 3, 38, 38, '2024-02-20', 1, 'Validée'),
(39, 4, 39, 39, '2024-02-21', 2, 'Validée'),
(40, 5, 40, 40, '2024-02-22', 1, 'Validée'),
(41, 6, 41, 41, '2024-02-23', 3, 'Validée'),
(42, 7, 42, 42, '2024-02-24', 1, 'Validée'),
(43, 1, 43, 43, '2024-02-25', 2, 'Validée'),
(44, 2, 44, 44, '2024-02-26', 1, 'Validée'),
(45, 3, 45, 45, '2024-02-27', 3, 'Validée'),
(46, 4, 46, 46, '2024-02-28', 1, 'Validée'),
(47, 5, 47, 47, '2024-02-29', 2, 'Validée'),
(48, 6, 48, 48, '2024-03-01', 1, 'Validée'),
(49, 7, 49, 49, '2024-03-02', 3, 'Validée'),
(50, 1, 50, 1, '2024-03-03', 1, 'Validée'),
(51, 2, NULL, 3, '2024-03-04', 2, 'En attente'),
(52, 3, NULL, 6, '2024-03-05', 1, 'Supprimée'),
(53, 4, NULL, 7, '2024-03-06', 3, 'Validée'),
(54, 5, NULL, 4, '2024-03-07', 1, 'En attente'),
(55, 6, NULL, 5, '2024-03-08', 2, 'Supprimée'),
(56, 7, NULL, 3, '2024-03-09', 1, 'Validée'),
(57, 1, NULL, 9, '2024-03-10', 3, 'En attente'),
(58, 2, NULL, 9, '2024-03-11', 1, 'Supprimée'),
(59, 3, NULL, 5, '2024-03-12', 2, 'Validée'),
(60, 4, NULL, 6, '2024-03-13', 1, 'En attente');
